Symbol,Name,Sector,Manual,Pipe,Concatenate,Manual Final,,,,
MMM,3M Company,Industrials,3m company,|,3m company|,3m company|,"""","""",",","""3m company"","
AOS,A.O. Smith Corp,Industrials,a.o. smith,|,a.o. smith|,a.o. smith|,"""","""",",","""a.o. smith"","
ABT,Abbott Laboratories,Health Care,abbott lab,|,abbott lab|,abbott lab|,"""","""",",","""abbott lab"","
ABBV,AbbVie Inc.,Health Care,abbvie,|,abbvie|,abbvie|,"""","""",",","""abbvie"","
ACN,Accenture plc,Information Technology,accenture,|,accenture|,accenture|,"""","""",",","""accenture"","
ATVI,Activision Blizzard,Information Technology,activision,|,activision|,activision|,"""","""",",","""activision"","
AYI,Acuity Brands Inc,Industrials,acuity brands,|,acuity brands|,acuity brands|,"""","""",",","""acuity brands"","
ADBE,Adobe Systems Inc,Information Technology,adobe,|,adobe|,adobe|,"""","""",",","""adobe"","
AAP,Advance Auto Parts,Consumer Discretionary,advance auto parts,|,advance auto parts|,advance auto parts|,"""","""",",","""advance auto parts"","
AMD,Advanced Micro Devices Inc,Information Technology,advanced micro devices,|,advanced micro devices|,advanced micro devices|,"""","""",",","""advanced micro devices"","
AES,AES Corp,Utilities,aes corp,|,aes corp|,aes corp|,"""","""",",","""aes corp"","
AET,Aetna Inc,Health Care,aetna,|,aetna|,aetna|,"""","""",",","""aetna"","
AMG,Affiliated Managers Group Inc,Financials,affiliated managers group,|,affiliated managers group|,affiliated managers group|,"""","""",",","""affiliated managers group"","
AFL,AFLAC Inc,Financials,aflac,|,aflac|,aflac|,"""","""",",","""aflac"","
A,Agilent Technologies Inc,Health Care,agilent,|,agilent|,agilent|,"""","""",",","""agilent"","
APD,Air Products & Chemicals Inc,Materials,air products & chemicals,|,air products & chemicals|,air products & chemicals|,"""","""",",","""air products & chemicals"","
AKAM,Akamai Technologies Inc,Information Technology,akamai,|,akamai|,akamai|,"""","""",",","""akamai"","
ALK,Alaska Air Group Inc,Industrials,alaska air,|,alaska air|,alaska air|,"""","""",",","""alaska air"","
ALB,Albemarle Corp,Materials,albermarle,|,albermarle|,albermarle|,"""","""",",","""albermarle"","
ARE,Alexandria Real Estate Equities Inc,Real Estate,alexandria real estate,|,alexandria real estate|,alexandria real estate|,"""","""",",","""alexandria real estate"","
ALXN,Alexion Pharmaceuticals,Health Care,alexion,|,alexion|,alexion|,"""","""",",","""alexion"","
ALGN,Align Technology,Health Care,align technology,|,align technology|,align technology|,"""","""",",","""align technology"","
ALLE,Allegion,Industrials,allegion,|,allegion|,allegion|,"""","""",",","""allegion"","
AGN,"Allergan, Plc",Health Care,allergan,|,allergan|,allergan|,"""","""",",","""allergan"","
ADS,Alliance Data Systems,Information Technology,alliance data,|,alliance data|,alliance data|,"""","""",",","""alliance data"","
LNT,Alliant Energy Corp,Utilities,alliant energy,|,alliant energy|,alliant energy|,"""","""",",","""alliant energy"","
ALL,Allstate Corp,Financials,allstate,|,allstate|,allstate|,"""","""",",","""allstate"","
GOOGL,Alphabet Inc Class A,Information Technology,google,|,google|,google|,"""","""",",","""google"","
GOOG,Alphabet Inc Class C,Information Technology,google,|,google|,google|,"""","""",",","""google"","
MO,Altria Group Inc,Consumer Staples,altria,|,altria|,altria|,"""","""",",","""altria"","
AMZN,Amazon.com Inc.,Consumer Discretionary,amazon,|,amazon|,amazon|,"""","""",",","""amazon"","
AEE,Ameren Corp,Utilities,ameren,|,ameren|,ameren|,"""","""",",","""ameren"","
AAL,American Airlines Group,Industrials,american airlines,|,american airlines|,american airlines|,"""","""",",","""american airlines"","
AEP,American Electric Power,Utilities,american electric power,|,american electric power|,american electric power|,"""","""",",","""american electric power"","
AXP,American Express Co,Financials,american express,|,american express|,american express|,"""","""",",","""american express"","
AXP,American Express Co,Financials,amex,|,amex|,amex|,"""","""",",","""amex"","
AIG,"American International Group, Inc.",Financials,aig,|,aig|,aig|,"""","""",",","""aig"","
AMT,American Tower Corp A,Real Estate,american tower,|,american tower|,american tower|,"""","""",",","""american tower"","
AWK,American Water Works Company Inc,Utilities,american water,|,american water|,american water|,"""","""",",","""american water"","
AMP,Ameriprise Financial,Financials,ameriprise financial,|,ameriprise financial|,ameriprise financial|,"""","""",",","""ameriprise financial"","
ABC,AmerisourceBergen Corp,Health Care,abc,|,abc|,abc|,"""","""",",","""abc"","
AME,AMETEK Inc.,Industrials,ametek,|,ametek|,ametek|,"""","""",",","""ametek"","
AMGN,Amgen Inc.,Health Care,amgen,|,amgen|,amgen|,"""","""",",","""amgen"","
APH,Amphenol Corp,Information Technology,amphenol,|,amphenol|,amphenol|,"""","""",",","""amphenol"","
APC,Anadarko Petroleum Corp,Energy,anadarko petroleum,|,anadarko petroleum|,anadarko petroleum|,"""","""",",","""anadarko petroleum"","
ADI,"Analog Devices, Inc.",Information Technology,analog devices,|,analog devices|,analog devices|,"""","""",",","""analog devices"","
ANDV,Andeavor,Energy,andeavor,|,andeavor|,andeavor|,"""","""",",","""andeavor"","
ANSS,ANSYS,Information Technology,ansys,|,ansys|,ansys|,"""","""",",","""ansys"","
ANTM,Anthem Inc.,Health Care,anthem,|,anthem|,anthem|,"""","""",",","""anthem"","
AON,Aon plc,Financials,aon,|,aon|,aon|,"""","""",",","""aon"","
APA,Apache Corporation,Energy,apache corporation,|,apache corporation|,apache corporation|,"""","""",",","""apache corporation"","
AIV,Apartment Investment & Management,Real Estate,aiv,|,aiv|,aiv|,"""","""",",","""aiv"","
AAPL,Apple Inc.,Information Technology,apple,|,apple|,apple|,"""","""",",","""apple"","
AMAT,Applied Materials Inc.,Information Technology,applied materials,|,applied materials|,applied materials|,"""","""",",","""applied materials"","
APTV,Aptiv Plc,Consumer Discretionary,aptiv,|,aptiv|,aptiv|,"""","""",",","""aptiv"","
ADM,Archer-Daniels-Midland Co,Consumer Staples,archer daniels,|,archer daniels|,archer daniels|,"""","""",",","""archer daniels"","
ARNC,Arconic Inc.,Industrials,arconic inc,|,arconic inc|,arconic inc|,"""","""",",","""arconic inc"","
AJG,Arthur J. Gallagher & Co.,Financials,arthur j. gallagher,|,arthur j. gallagher|,arthur j. gallagher|,"""","""",",","""arthur j. gallagher"","
AIZ,Assurant Inc.,Financials,assurant inc,|,assurant inc|,assurant inc|,"""","""",",","""assurant inc"","
T,AT&T Inc.,Telecommunication Services,at&t,|,at&t|,at&t|,"""","""",",","""at&t"","
ADSK,Autodesk Inc.,Information Technology,autodesk,|,autodesk|,autodesk|,"""","""",",","""autodesk"","
ADP,Automatic Data Processing,Information Technology,adp,|,adp|,adp|,"""","""",",","""adp"","
AZO,AutoZone Inc,Consumer Discretionary,autozone,|,autozone|,autozone|,"""","""",",","""autozone"","
AVB,"AvalonBay Communities, Inc.",Real Estate,avalon bay,|,avalon bay|,avalon bay|,"""","""",",","""avalon bay"","
AVY,Avery Dennison Corp,Materials,avery dennison,|,avery dennison|,avery dennison|,"""","""",",","""avery dennison"","
BHGE,"Baker Hughes, a GE Company",Energy,baker hughes,|,baker hughes|,baker hughes|,"""","""",",","""baker hughes"","
BLL,Ball Corp,Materials,ball corp,|,ball corp|,ball corp|,"""","""",",","""ball corp"","
BAC,Bank of America Corp,Financials,bank of america,|,bank of america|,bank of america|,"""","""",",","""bank of america"","
BAC,Bank of America Corp,Financials,b of a,|,b of a|,b of a|,"""","""",",","""b of a"","
BAX,Baxter International Inc.,Health Care,baxter,|,baxter|,baxter|,"""","""",",","""baxter"","
BBT,BB&T Corporation,Financials,bb&t,|,bb&t|,bb&t|,"""","""",",","""bb&t"","
BDX,Becton Dickinson,Health Care,becton,|,becton|,becton|,"""","""",",","""becton"","
BRK.B,Berkshire Hathaway,Financials,berkshire hathaway,|,berkshire hathaway|,berkshire hathaway|,"""","""",",","""berkshire hathaway"","
BBY,Best Buy Co. Inc.,Consumer Discretionary,best buy,|,best buy|,best buy|,"""","""",",","""best buy"","
BIIB,Biogen Inc.,Health Care,biogen,|,biogen|,biogen|,"""","""",",","""biogen"","
BLK,BlackRock,Financials,black rock,|,black rock|,black rock|,"""","""",",","""black rock"","
HRB,Block H&R,Financials,h&r block,|,h&r block|,h&r block|,"""","""",",","""h&r block"","
BA,Boeing Company,Industrials,boeing,|,boeing|,boeing|,"""","""",",","""boeing"","
BKNG,Booking Holdings Inc,Consumer Discretionary,booking holdngs,|,booking holdngs|,booking holdngs|,"""","""",",","""booking holdngs"","
BWA,BorgWarner,Consumer Discretionary,borgwarner,|,borgwarner|,borgwarner|,"""","""",",","""borgwarner"","
BXP,Boston Properties,Real Estate,boston properties,|,boston properties|,boston properties|,"""","""",",","""boston properties"","
BSX,Boston Scientific,Health Care,boston scientific,|,boston scientific|,boston scientific|,"""","""",",","""boston scientific"","
BHF,Brighthouse Financial Inc,Financials,brighthouse financial,|,brighthouse financial|,brighthouse financial|,"""","""",",","""brighthouse financial"","
BMY,Bristol-Myers Squibb,Health Care,bms,|,bms|,bms|,"""","""",",","""bms"","
BMY,Bristol-Myers Squibb,Health Care,bristol myers,|,bristol myers|,bristol myers|,"""","""",",","""bristol myers"","
AVGO,Broadcom,Information Technology,broadcom,|,broadcom|,broadcom|,"""","""",",","""broadcom"","
BF.B,Brown-Forman Corp.,Consumer Staples,brown forman,|,brown forman|,brown forman|,"""","""",",","""brown forman"","
BF.B,Brown-Forman Corp.,Consumer Staples,bfc,|,bfc|,bfc|,"""","""",",","""bfc"","
CHRW,C. H. Robinson Worldwide,Industrials,robinson worldwide,|,robinson worldwide|,robinson worldwide|,"""","""",",","""robinson worldwide"","
CA,"CA, Inc.",Information Technology,ca inc,|,ca inc|,ca inc|,"""","""",",","""ca inc"","
COG,Cabot Oil & Gas,Energy,cabot oil & gas,|,cabot oil & gas|,cabot oil & gas|,"""","""",",","""cabot oil & gas"","
CDNS,Cadence Design Systems,Information Technology,cadence design,|,cadence design|,cadence design|,"""","""",",","""cadence design"","
CPB,Campbell Soup,Consumer Staples,campbell soup,|,campbell soup|,campbell soup|,"""","""",",","""campbell soup"","
COF,Capital One Financial,Financials,capital one,|,capital one|,capital one|,"""","""",",","""capital one"","
CAH,Cardinal Health Inc.,Health Care,cardinal heath,|,cardinal heath|,cardinal heath|,"""","""",",","""cardinal heath"","
KMX,Carmax Inc,Consumer Discretionary,carmax,|,carmax|,carmax|,"""","""",",","""carmax"","
CCL,Carnival Corp.,Consumer Discretionary,carnival,|,carnival|,carnival|,"""","""",",","""carnival"","
CAT,Caterpillar Inc.,Industrials,caterpillar,|,caterpillar|,caterpillar|,"""","""",",","""caterpillar"","
CBOE,Cboe Global Markets,Financials,cboe global,|,cboe global|,cboe global|,"""","""",",","""cboe global"","
CBRE,CBRE Group,Real Estate,cbre,|,cbre|,cbre|,"""","""",",","""cbre"","
CBS,CBS Corp.,Consumer Discretionary,cbs,|,cbs|,cbs|,"""","""",",","""cbs"","
CELG,Celgene Corp.,Health Care,celgene,|,celgene|,celgene|,"""","""",",","""celgene"","
CNC,Centene Corporation,Health Care,centene,|,centene|,centene|,"""","""",",","""centene"","
CNP,CenterPoint Energy,Utilities,center point energy,|,center point energy|,center point energy|,"""","""",",","""center point energy"","
CTL,CenturyLink Inc,Telecommunication Services,century link,|,century link|,century link|,"""","""",",","""century link"","
CERN,Cerner,Health Care,cerner,|,cerner|,cerner|,"""","""",",","""cerner"","
CF,CF Industries Holdings Inc,Materials,cf industries holdings,|,cf industries holdings|,cf industries holdings|,"""","""",",","""cf industries holdings"","
SCHW,Charles Schwab Corporation,Financials,charles schwab,|,charles schwab|,charles schwab|,"""","""",",","""charles schwab"","
CHTR,Charter Communications,Consumer Discretionary,charter communications,|,charter communications|,charter communications|,"""","""",",","""charter communications"","
CVX,Chevron Corp.,Energy,chevron,|,chevron|,chevron|,"""","""",",","""chevron"","
CMG,Chipotle Mexican Grill,Consumer Discretionary,chipotle,|,chipotle|,chipotle|,"""","""",",","""chipotle"","
CB,Chubb Limited,Financials,chubb limited,|,chubb limited|,chubb limited|,"""","""",",","""chubb limited"","
CHD,Church & Dwight,Consumer Staples,church & dwight,|,church & dwight|,church & dwight|,"""","""",",","""church & dwight"","
CI,CIGNA Corp.,Health Care,cigna,|,cigna|,cigna|,"""","""",",","""cigna"","
XEC,Cimarex Energy,Energy,cimarex energy,|,cimarex energy|,cimarex energy|,"""","""",",","""cimarex energy"","
CINF,Cincinnati Financial,Financials,cincinnati financial,|,cincinnati financial|,cincinnati financial|,"""","""",",","""cincinnati financial"","
CTAS,Cintas Corporation,Industrials,cintas,|,cintas|,cintas|,"""","""",",","""cintas"","
CSCO,Cisco Systems,Information Technology,cisco,|,cisco|,cisco|,"""","""",",","""cisco"","
C,Citigroup Inc.,Financials,citigroup,|,citigroup|,citigroup|,"""","""",",","""citigroup"","
CFG,Citizens Financial Group,Financials,citizens financial,|,citizens financial|,citizens financial|,"""","""",",","""citizens financial"","
CTXS,Citrix Systems,Information Technology,citrix systems,|,citrix systems|,citrix systems|,"""","""",",","""citrix systems"","
CME,CME Group Inc.,Financials,cme group,|,cme group|,cme group|,"""","""",",","""cme group"","
CMS,CMS Energy,Utilities,cms energy,|,cms energy|,cms energy|,"""","""",",","""cms energy"","
KO,Coca-Cola Company (The),Consumer Staples,coke,|,coke|,coke|,"""","""",",","""coke"","
KO,Coca-Cola Company (The),Consumer Staples,coca cola,|,coca cola|,coca cola|,"""","""",",","""coca cola"","
CTSH,Cognizant Technology Solutions,Information Technology,cognizant technology,|,cognizant technology|,cognizant technology|,"""","""",",","""cognizant technology"","
CL,Colgate-Palmolive,Consumer Staples,colgate palmolive,|,colgate palmolive|,colgate palmolive|,"""","""",",","""colgate palmolive"","
CL,Colgate-Palmolive,Consumer Staples,colgate,|,colgate|,colgate|,"""","""",",","""colgate"","
CMCSA,Comcast Corp.,Consumer Discretionary,comcast,|,comcast|,comcast|,"""","""",",","""comcast"","
CMA,Comerica Inc.,Financials,comerica,|,comerica|,comerica|,"""","""",",","""comerica"","
CAG,Conagra Brands,Consumer Staples,conagra,|,conagra|,conagra|,"""","""",",","""conagra"","
CXO,Concho Resources,Energy,concho resources,|,concho resources|,concho resources|,"""","""",",","""concho resources"","
COP,ConocoPhillips,Energy,conoco phillips,|,conoco phillips|,conoco phillips|,"""","""",",","""conoco phillips"","
ED,Consolidated Edison,Utilities,consolidated edison,|,consolidated edison|,consolidated edison|,"""","""",",","""consolidated edison"","
STZ,Constellation Brands,Consumer Staples,constellation brands,|,constellation brands|,constellation brands|,"""","""",",","""constellation brands"","
GLW,Corning Inc.,Information Technology,corning,|,corning|,corning|,"""","""",",","""corning"","
COST,Costco Wholesale Corp.,Consumer Staples,costco,|,costco|,costco|,"""","""",",","""costco"","
COTY,"Coty, Inc",Consumer Staples,coty,|,coty|,coty|,"""","""",",","""coty"","
CCI,Crown Castle International Corp.,Real Estate,crown castle,|,crown castle|,crown castle|,"""","""",",","""crown castle"","
CSRA,CSRA Inc.,Information Technology,csra,|,csra|,csra|,"""","""",",","""csra"","
CSX,CSX Corp.,Industrials,csx,|,csx|,csx|,"""","""",",","""csx"","
CMI,Cummins Inc.,Industrials,cummins,|,cummins|,cummins|,"""","""",",","""cummins"","
CVS,CVS Health,Consumer Staples,cvs,|,cvs|,cvs|,"""","""",",","""cvs"","
DHI,D. R. Horton,Consumer Discretionary,dhi,|,dhi|,dhi|,"""","""",",","""dhi"","
DHR,Danaher Corp.,Health Care,danaher,|,danaher|,danaher|,"""","""",",","""danaher"","
DRI,Darden Restaurants,Consumer Discretionary,darden restaurants,|,darden restaurants|,darden restaurants|,"""","""",",","""darden restaurants"","
DVA,DaVita Inc.,Health Care,davita,|,davita|,davita|,"""","""",",","""davita"","
DE,Deere & Co.,Industrials,deere,|,deere|,deere|,"""","""",",","""deere"","
DAL,Delta Air Lines Inc.,Industrials,delta,|,delta|,delta|,"""","""",",","""delta"","
XRAY,Dentsply Sirona,Health Care,dentsply sirona,|,dentsply sirona|,dentsply sirona|,"""","""",",","""dentsply sirona"","
DVN,Devon Energy Corp.,Energy,devon energy,|,devon energy|,devon energy|,"""","""",",","""devon energy"","
DLR,Digital Realty Trust Inc,Real Estate,digital realty trust,|,digital realty trust|,digital realty trust|,"""","""",",","""digital realty trust"","
DFS,Discover Financial Services,Financials,discover financial,|,discover financial|,discover financial|,"""","""",",","""discover financial"","
DISCA,Discovery Inc. Class A,Consumer Discretionary,discovery,|,discovery|,discovery|,"""","""",",","""discovery"","
DISCK,Discovery Inc. Class C,Consumer Discretionary,discovery inc,|,discovery inc|,discovery inc|,"""","""",",","""discovery inc"","
DISH,Dish Network,Consumer Discretionary,dish network,|,dish network|,dish network|,"""","""",",","""dish network"","
DG,Dollar General,Consumer Discretionary,dollar general,|,dollar general|,dollar general|,"""","""",",","""dollar general"","
DLTR,Dollar Tree,Consumer Discretionary,dollar tree,|,dollar tree|,dollar tree|,"""","""",",","""dollar tree"","
D,Dominion Energy,Utilities,dominion energy,|,dominion energy|,dominion energy|,"""","""",",","""dominion energy"","
DOV,Dover Corp.,Industrials,dover corp,|,dover corp|,dover corp|,"""","""",",","""dover corp"","
DWDP,DowDuPont,Materials,dow dupont,|,dow dupont|,dow dupont|,"""","""",",","""dow dupont"","
DPS,Dr Pepper Snapple Group,Consumer Staples,dr pepper,|,dr pepper|,dr pepper|,"""","""",",","""dr pepper"","
DTE,DTE Energy Co.,Utilities,dte energy,|,dte energy|,dte energy|,"""","""",",","""dte energy"","
DUK,Duke Energy,Utilities,duke energy,|,duke energy|,duke energy|,"""","""",",","""duke energy"","
DRE,Duke Realty Corp,Real Estate,duke realty,|,duke realty|,duke realty|,"""","""",",","""duke realty"","
DXC,DXC Technology,Information Technology,dxc,|,dxc|,dxc|,"""","""",",","""dxc"","
ETFC,E*Trade,Financials,etrade,|,etrade|,etrade|,"""","""",",","""etrade"","
EMN,Eastman Chemical,Materials,eastman chemical,|,eastman chemical|,eastman chemical|,"""","""",",","""eastman chemical"","
ETN,Eaton Corporation,Industrials,eaton,|,eaton|,eaton|,"""","""",",","""eaton"","
EBAY,eBay Inc.,Information Technology,ebay,|,ebay|,ebay|,"""","""",",","""ebay"","
ECL,Ecolab Inc.,Materials,ecolab,|,ecolab|,ecolab|,"""","""",",","""ecolab"","
EIX,Edison Int'l,Utilities,edison international,|,edison international|,edison international|,"""","""",",","""edison international"","
EW,Edwards Lifesciences,Health Care,edwards lifesciences,|,edwards lifesciences|,edwards lifesciences|,"""","""",",","""edwards lifesciences"","
EA,Electronic Arts,Information Technology,electronic arts,|,electronic arts|,electronic arts|,"""","""",",","""electronic arts"","
EMR,Emerson Electric Company,Industrials,emerson electric,|,emerson electric|,emerson electric|,"""","""",",","""emerson electric"","
ETR,Entergy Corp.,Utilities,entergy,|,entergy|,entergy|,"""","""",",","""entergy"","
EVHC,Envision Healthcare,Health Care,envision healthcare,|,envision healthcare|,envision healthcare|,"""","""",",","""envision healthcare"","
EOG,EOG Resources,Energy,eog,|,eog|,eog|,"""","""",",","""eog"","
EQT,EQT Corporation,Energy,eqt,|,eqt|,eqt|,"""","""",",","""eqt"","
EFX,Equifax Inc.,Industrials,equifax,|,equifax|,equifax|,"""","""",",","""equifax"","
EQIX,Equinix,Real Estate,equinix,|,equinix|,equinix|,"""","""",",","""equinix"","
EQR,Equity Residential,Real Estate,equity residential,|,equity residential|,equity residential|,"""","""",",","""equity residential"","
ESS,"Essex Property Trust, Inc.",Real Estate,essex property trust,|,essex property trust|,essex property trust|,"""","""",",","""essex property trust"","
EL,Estee Lauder Cos.,Consumer Staples,estee lauder,|,estee lauder|,estee lauder|,"""","""",",","""estee lauder"","
RE,Everest Re Group Ltd.,Financials,everest group,|,everest group|,everest group|,"""","""",",","""everest group"","
ES,Eversource Energy,Utilities,eversource energy,|,eversource energy|,eversource energy|,"""","""",",","""eversource energy"","
EXC,Exelon Corp.,Utilities,exelon,|,exelon|,exelon|,"""","""",",","""exelon"","
EXPE,Expedia Inc.,Consumer Discretionary,expedia,|,expedia|,expedia|,"""","""",",","""expedia"","
EXPD,Expeditors International,Industrials,expeditors international,|,expeditors international|,expeditors international|,"""","""",",","""expeditors international"","
ESRX,Express Scripts,Health Care,express scripts,|,express scripts|,express scripts|,"""","""",",","""express scripts"","
EXR,Extra Space Storage,Real Estate,extra space storage,|,extra space storage|,extra space storage|,"""","""",",","""extra space storage"","
XOM,Exxon Mobil Corp.,Energy,exxon,|,exxon|,exxon|,"""","""",",","""exxon"","
XOM,Exxon Mobil Corp.,Energy,exxon mobil,|,exxon mobil|,exxon mobil|,"""","""",",","""exxon mobil"","
FFIV,F5 Networks,Information Technology,f5 networks,|,f5 networks|,f5 networks|,"""","""",",","""f5 networks"","
FB,"Facebook, Inc.",Information Technology,facebook,|,facebook|,facebook|,"""","""",",","""facebook"","
FAST,Fastenal Co,Industrials,fastenal,|,fastenal|,fastenal|,"""","""",",","""fastenal"","
FRT,Federal Realty Investment Trust,Real Estate,federal realty,|,federal realty|,federal realty|,"""","""",",","""federal realty"","
FDX,FedEx Corporation,Industrials,fedex,|,fedex|,fedex|,"""","""",",","""fedex"","
FIS,Fidelity National Information Services,Information Technology,fidelity national,|,fidelity national|,fidelity national|,"""","""",",","""fidelity national"","
FITB,Fifth Third Bancorp,Financials,fifth third,|,fifth third|,fifth third|,"""","""",",","""fifth third"","
FE,FirstEnergy Corp,Utilities,first energy,|,first energy|,first energy|,"""","""",",","""first energy"","
FISV,Fiserv Inc,Information Technology,fiserv,|,fiserv|,fiserv|,"""","""",",","""fiserv"","
FLIR,FLIR Systems,Information Technology,flir,|,flir|,flir|,"""","""",",","""flir"","
FLS,Flowserve Corporation,Industrials,flowserve,|,flowserve|,flowserve|,"""","""",",","""flowserve"","
FLR,Fluor Corp.,Industrials,fluor,|,fluor|,fluor|,"""","""",",","""fluor"","
FMC,FMC Corporation,Materials,fmc,|,fmc|,fmc|,"""","""",",","""fmc"","
FL,Foot Locker Inc,Consumer Discretionary,foot locker,|,foot locker|,foot locker|,"""","""",",","""foot locker"","
F,Ford Motor,Consumer Discretionary,ford,|,ford|,ford|,"""","""",",","""ford"","
FTV,Fortive Corp,Industrials,fortive,|,fortive|,fortive|,"""","""",",","""fortive"","
FBHS,Fortune Brands Home & Security,Industrials,fortune brands,|,fortune brands|,fortune brands|,"""","""",",","""fortune brands"","
BEN,Franklin Resources,Financials,franklin resources,|,franklin resources|,franklin resources|,"""","""",",","""franklin resources"","
FCX,Freeport-McMoRan Inc.,Materials,freeport mcmoran,|,freeport mcmoran|,freeport mcmoran|,"""","""",",","""freeport mcmoran"","
GPS,Gap Inc.,Consumer Discretionary,gap inc,|,gap inc|,gap inc|,"""","""",",","""gap inc"","
GRMN,Garmin Ltd.,Consumer Discretionary,garmin,|,garmin|,garmin|,"""","""",",","""garmin"","
IT,Gartner Inc,Information Technology,gartner,|,gartner|,gartner|,"""","""",",","""gartner"","
GD,General Dynamics,Industrials,general dynamics,|,general dynamics|,general dynamics|,"""","""",",","""general dynamics"","
GE,General Electric,Industrials,general electric,|,general electric|,general electric|,"""","""",",","""general electric"","
GGP,General Growth Properties Inc.,Real Estate,general growth properties,|,general growth properties|,general growth properties|,"""","""",",","""general growth properties"","
GIS,General Mills,Consumer Staples,general mills,|,general mills|,general mills|,"""","""",",","""general mills"","
GM,General Motors,Consumer Discretionary,general motors,|,general motors|,general motors|,"""","""",",","""general motors"","
GPC,Genuine Parts,Consumer Discretionary,genuine parts,|,genuine parts|,genuine parts|,"""","""",",","""genuine parts"","
GILD,Gilead Sciences,Health Care,gilead sciences,|,gilead sciences|,gilead sciences|,"""","""",",","""gilead sciences"","
GPN,Global Payments Inc.,Information Technology,global payments,|,global payments|,global payments|,"""","""",",","""global payments"","
GS,Goldman Sachs Group,Financials,goldman,|,goldman|,goldman|,"""","""",",","""goldman"","
GS,Goldman Sachs Group,Financials,goldman sachs,|,goldman sachs|,goldman sachs|,"""","""",",","""goldman sachs"","
GT,Goodyear Tire & Rubber,Consumer Discretionary,goodyear,|,goodyear|,goodyear|,"""","""",",","""goodyear"","
GWW,Grainger (W.W.) Inc.,Industrials,grainger,|,grainger|,grainger|,"""","""",",","""grainger"","
HAL,Halliburton Co.,Energy,halliburton,|,halliburton|,halliburton|,"""","""",",","""halliburton"","
HBI,Hanesbrands Inc,Consumer Discretionary,hanes,|,hanes|,hanes|,"""","""",",","""hanes"","
HOG,Harley-Davidson,Consumer Discretionary,harley,|,harley|,harley|,"""","""",",","""harley"","
HOG,Harley-Davidson,Consumer Discretionary,harley davidson,|,harley davidson|,harley davidson|,"""","""",",","""harley davidson"","
HRS,Harris Corporation,Information Technology,harris,|,harris|,harris|,"""","""",",","""harris"","
HIG,Hartford Financial Svc.Gp.,Financials,hartford financial,|,hartford financial|,hartford financial|,"""","""",",","""hartford financial"","
HAS,Hasbro Inc.,Consumer Discretionary,hasbro,|,hasbro|,hasbro|,"""","""",",","""hasbro"","
HCA,HCA Holdings,Health Care,hca,|,hca|,hca|,"""","""",",","""hca"","
HCP,HCP Inc.,Real Estate,hcp,|,hcp|,hcp|,"""","""",",","""hcp"","
HP,Helmerich & Payne,Energy,helmerich payne,|,helmerich payne|,helmerich payne|,"""","""",",","""helmerich payne"","
HSIC,Henry Schein,Health Care,henry schein,|,henry schein|,henry schein|,"""","""",",","""henry schein"","
HES,Hess Corporation,Energy,hess,|,hess|,hess|,"""","""",",","""hess"","
HPE,Hewlett Packard Enterprise,Information Technology,hpe,|,hpe|,hpe|,"""","""",",","""hpe"","
HPE,Hewlett Packard Enterprise,Information Technology,hewlett packard,|,hewlett packard|,hewlett packard|,"""","""",",","""hewlett packard"","
HLT,Hilton Worldwide Holdings Inc,Consumer Discretionary,hilton,|,hilton|,hilton|,"""","""",",","""hilton"","
HOLX,Hologic,Health Care,hologic,|,hologic|,hologic|,"""","""",",","""hologic"","
HD,Home Depot,Consumer Discretionary,home depot,|,home depot|,home depot|,"""","""",",","""home depot"","
HON,Honeywell Int'l Inc.,Industrials,honeywell,|,honeywell|,honeywell|,"""","""",",","""honeywell"","
HRL,Hormel Foods Corp.,Consumer Staples,hormel foods,|,hormel foods|,hormel foods|,"""","""",",","""hormel foods"","
HST,Host Hotels & Resorts,Real Estate,host hotels,|,host hotels|,host hotels|,"""","""",",","""host hotels"","
HPQ,HP Inc.,Information Technology,hp,|,hp|,hp|,"""","""",",","""hp"","
HUM,Humana Inc.,Health Care,humana,|,humana|,humana|,"""","""",",","""humana"","
HBAN,Huntington Bancshares,Financials,huntington bancshares,|,huntington bancshares|,huntington bancshares|,"""","""",",","""huntington bancshares"","
HII,Huntington Ingalls Industries,Industrials,huntington ingalls,|,huntington ingalls|,huntington ingalls|,"""","""",",","""huntington ingalls"","
IDXX,IDEXX Laboratories,Health Care,idexx,|,idexx|,idexx|,"""","""",",","""idexx"","
INFO,IHS Markit Ltd.,Industrials,ihs markit,|,ihs markit|,ihs markit|,"""","""",",","""ihs markit"","
ITW,Illinois Tool Works,Industrials,illinois tool works,|,illinois tool works|,illinois tool works|,"""","""",",","""illinois tool works"","
ILMN,Illumina Inc,Health Care,illumina,|,illumina|,illumina|,"""","""",",","""illumina"","
INCY,Incyte,Health Care,incyte,|,incyte|,incyte|,"""","""",",","""incyte"","
IR,Ingersoll-Rand PLC,Industrials,ingersoll rand,|,ingersoll rand|,ingersoll rand|,"""","""",",","""ingersoll rand"","
INTC,Intel Corp.,Information Technology,intel corp,|,intel corp|,intel corp|,"""","""",",","""intel corp"","
ICE,Intercontinental Exchange,Financials,intercontinental exchange,|,intercontinental exchange|,intercontinental exchange|,"""","""",",","""intercontinental exchange"","
IBM,International Business Machines,Information Technology,ibm,|,ibm|,ibm|,"""","""",",","""ibm"","
IP,International Paper,Materials,international paper,|,international paper|,international paper|,"""","""",",","""international paper"","
IPG,Interpublic Group,Consumer Discretionary,interpublic group,|,interpublic group|,interpublic group|,"""","""",",","""interpublic group"","
IFF,Intl Flavors & Fragrances,Materials,fragrances intl,|,fragrances intl|,fragrances intl|,"""","""",",","""fragrances intl"","
INTU,Intuit Inc.,Information Technology,intuit,|,intuit|,intuit|,"""","""",",","""intuit"","
ISRG,Intuitive Surgical Inc.,Health Care,intuitive sugical,|,intuitive sugical|,intuitive sugical|,"""","""",",","""intuitive sugical"","
IVZ,Invesco Ltd.,Financials,invesco,|,invesco|,invesco|,"""","""",",","""invesco"","
IPGP,IPG Photonics Corp.,Information Technology,ipg photonic,|,ipg photonic|,ipg photonic|,"""","""",",","""ipg photonic"","
IQV,IQVIA Holdings Inc.,Health Care,iqvia holdings,|,iqvia holdings|,iqvia holdings|,"""","""",",","""iqvia holdings"","
IRM,Iron Mountain Incorporated,Real Estate,iron mountain,|,iron mountain|,iron mountain|,"""","""",",","""iron mountain"","
JBHT,J. B. Hunt Transport Services,Industrials,j. b. hunt,|,j. b. hunt|,j. b. hunt|,"""","""",",","""j. b. hunt"","
JEC,Jacobs Engineering Group,Industrials,jacobs engineering,|,jacobs engineering|,jacobs engineering|,"""","""",",","""jacobs engineering"","
SJM,JM Smucker,Consumer Staples,smucker,|,smucker|,smucker|,"""","""",",","""smucker"","
JNJ,Johnson & Johnson,Health Care,j&j,|,j&j|,j&j|,"""","""",",","""j&j"","
JNJ,Johnson & Johnson,Health Care,johnson & johnson,|,johnson & johnson|,johnson & johnson|,"""","""",",","""johnson & johnson"","
JCI,Johnson Controls International,Industrials,johnson controls,|,johnson controls|,johnson controls|,"""","""",",","""johnson controls"","
JPM,JPMorgan Chase & Co.,Financials,jpmorgan,|,jpmorgan|,jpmorgan|,"""","""",",","""jpmorgan"","
JNPR,Juniper Networks,Information Technology,juniper networks,|,juniper networks|,juniper networks|,"""","""",",","""juniper networks"","
KSU,Kansas City Southern,Industrials,kansas city southern,|,kansas city southern|,kansas city southern|,"""","""",",","""kansas city southern"","
K,Kellogg Co.,Consumer Staples,kellogg,|,kellogg|,kellogg|,"""","""",",","""kellogg"","
KEY,KeyCorp,Financials,key corp,|,key corp|,key corp|,"""","""",",","""key corp"","
KMB,Kimberly-Clark,Consumer Staples,kimberly clark,|,kimberly clark|,kimberly clark|,"""","""",",","""kimberly clark"","
KIM,Kimco Realty,Real Estate,kimco realty,|,kimco realty|,kimco realty|,"""","""",",","""kimco realty"","
KMI,Kinder Morgan,Energy,kinder morgan,|,kinder morgan|,kinder morgan|,"""","""",",","""kinder morgan"","
KLAC,KLA-Tencor Corp.,Information Technology,kla tencor,|,kla tencor|,kla tencor|,"""","""",",","""kla tencor"","
KSS,Kohl's Corp.,Consumer Discretionary,kohls,|,kohls|,kohls|,"""","""",",","""kohls"","
KHC,Kraft Heinz Co,Consumer Staples,kraft,|,kraft|,kraft|,"""","""",",","""kraft"","
KHC,Kraft Heinz Co,Consumer Staples,heinz,|,heinz|,heinz|,"""","""",",","""heinz"","
KR,Kroger Co.,Consumer Staples,kroger,|,kroger|,kroger|,"""","""",",","""kroger"","
LB,L Brands Inc.,Consumer Discretionary,l brands,|,l brands|,l brands|,"""","""",",","""l brands"","
LLL,L-3 Communications Holdings,Industrials,l-3 communications,|,l-3 communications|,l-3 communications|,"""","""",",","""l-3 communications"","
LH,Laboratory Corp. of America Holding,Health Care,labcorp,|,labcorp|,labcorp|,"""","""",",","""labcorp"","
LRCX,Lam Research,Information Technology,lam research,|,lam research|,lam research|,"""","""",",","""lam research"","
LEG,Leggett & Platt,Consumer Discretionary,leggett platt,|,leggett platt|,leggett platt|,"""","""",",","""leggett platt"","
LEN,Lennar Corp.,Consumer Discretionary,lennar,|,lennar|,lennar|,"""","""",",","""lennar"","
LUK,Leucadia National Corp.,Financials,leucadia national,|,leucadia national|,leucadia national|,"""","""",",","""leucadia national"","
LLY,Lilly (Eli) & Co.,Health Care,eli lilly,|,eli lilly|,eli lilly|,"""","""",",","""eli lilly"","
LNC,Lincoln National,Financials,lincoln national,|,lincoln national|,lincoln national|,"""","""",",","""lincoln national"","
LKQ,LKQ Corporation,Consumer Discretionary,lkq,|,lkq|,lkq|,"""","""",",","""lkq"","
LMT,Lockheed Martin Corp.,Industrials,lockheed,|,lockheed|,lockheed|,"""","""",",","""lockheed"","
LMT,Lockheed Martin Corp.,Industrials,lockheed martin,|,lockheed martin|,lockheed martin|,"""","""",",","""lockheed martin"","
L,Loews Corp.,Financials,loews,|,loews|,loews|,"""","""",",","""loews"","
LOW,Lowe's Cos.,Consumer Discretionary,lowes,|,lowes|,lowes|,"""","""",",","""lowes"","
LYB,LyondellBasell,Materials,lyondell basell,|,lyondell basell|,lyondell basell|,"""","""",",","""lyondell basell"","
MTB,M&T Bank Corp.,Financials,m&t bank,|,m&t bank|,m&t bank|,"""","""",",","""m&t bank"","
MAC,Macerich,Real Estate,macerich,|,macerich|,macerich|,"""","""",",","""macerich"","
M,Macy's Inc.,Consumer Discretionary,macys,|,macys|,macys|,"""","""",",","""macys"","
MRO,Marathon Oil Corp.,Energy,marathon oil,|,marathon oil|,marathon oil|,"""","""",",","""marathon oil"","
MPC,Marathon Petroleum,Energy,marathon petroleum,|,marathon petroleum|,marathon petroleum|,"""","""",",","""marathon petroleum"","
MAR,Marriott Int'l.,Consumer Discretionary,marriott,|,marriott|,marriott|,"""","""",",","""marriott"","
MMC,Marsh & McLennan,Financials,marsh,|,marsh|,marsh|,"""","""",",","""marsh"","
MLM,Martin Marietta Materials,Materials,martin marietta,|,martin marietta|,martin marietta|,"""","""",",","""martin marietta"","
MAS,Masco Corp.,Industrials,masco,|,masco|,masco|,"""","""",",","""masco"","
MA,Mastercard Inc.,Information Technology,mastercard,|,mastercard|,mastercard|,"""","""",",","""mastercard"","
MAT,Mattel Inc.,Consumer Discretionary,mattel,|,mattel|,mattel|,"""","""",",","""mattel"","
MKC,McCormick & Co.,Consumer Staples,mccormick & co,|,mccormick & co|,mccormick & co|,"""","""",",","""mccormick & co"","
MCD,McDonald's Corp.,Consumer Discretionary,mcdonald's,|,mcdonald's|,mcdonalds|,"""","""",",","""mcdonald's"","
MCK,McKesson Corp.,Health Care,mckesson corp,|,mckesson corp|,mckesson corp|,"""","""",",","""mckesson corp"","
MDT,Medtronic plc,Health Care,medtronic,|,medtronic|,medtronic|,"""","""",",","""medtronic"","
MRK,Merck & Co.,Health Care,merck,|,merck|,merck|,"""","""",",","""merck"","
MET,MetLife Inc.,Financials,met life,|,met life|,met life|,"""","""",",","""met life"","
MTD,Mettler Toledo,Health Care,mettler toledo,|,mettler toledo|,mettler toledo|,"""","""",",","""mettler toledo"","
MGM,MGM Resorts International,Consumer Discretionary,mgm,|,mgm|,mgm|,"""","""",",","""mgm"","
KORS,Michael Kors Holdings,Consumer Discretionary,kors,|,kors|,kors|,"""","""",",","""kors"","
MCHP,Microchip Technology,Information Technology,microchip technology,|,microchip technology|,microchip technology|,"""","""",",","""microchip technology"","
MU,Micron Technology,Information Technology,micron technology,|,micron technology|,micron technology|,"""","""",",","""micron technology"","
MSFT,Microsoft Corp.,Information Technology,microsoft,|,microsoft|,microsoft|,"""","""",",","""microsoft"","
MAA,Mid-America Apartments,Real Estate,midamerica apartments,|,midamerica apartments|,midamerica apartments|,"""","""",",","""midamerica apartments"","
MHK,Mohawk Industries,Consumer Discretionary,mohawk industries,|,mohawk industries|,mohawk industries|,"""","""",",","""mohawk industries"","
TAP,Molson Coors Brewing Company,Consumer Staples,molson coors,|,molson coors|,molson coors|,"""","""",",","""molson coors"","
MDLZ,Mondelez International,Consumer Staples,mondelez,|,mondelez|,mondelez|,"""","""",",","""mondelez"","
MON,Monsanto Co.,Materials,monsanto,|,monsanto|,monsanto|,"""","""",",","""monsanto"","
MNST,Monster Beverage,Consumer Staples,monster beverage,|,monster beverage|,monster beverage|,"""","""",",","""monster beverage"","
MCO,Moody's Corp,Financials,moody's,|,moody's|,moodys|,"""","""",",","""moody's"","
MS,Morgan Stanley,Financials,morgan stanley,|,morgan stanley|,morgan stanley|,"""","""",",","""morgan stanley"","
MSI,Motorola Solutions Inc.,Information Technology,motorola,|,motorola|,motorola|,"""","""",",","""motorola"","
MYL,Mylan N.V.,Health Care,mylan,|,mylan|,mylan|,"""","""",",","""mylan"","
NDAQ,"Nasdaq, Inc.",Financials,nasdaq,|,nasdaq|,nasdaq|,"""","""",",","""nasdaq"","
NOV,National Oilwell Varco Inc.,Energy,national oilwell,|,national oilwell|,national oilwell|,"""","""",",","""national oilwell"","
NAVI,Navient,Financials,navient,|,navient|,navient|,"""","""",",","""navient"","
NKTR,Nektar Therapeutics,Health Care,nektar therapeutics,|,nektar therapeutics|,nektar therapeutics|,"""","""",",","""nektar therapeutics"","
NTAP,NetApp,Information Technology,netapp,|,netapp|,netapp|,"""","""",",","""netapp"","
NFLX,Netflix Inc.,Information Technology,netflix,|,netflix|,netflix|,"""","""",",","""netflix"","
NWL,Newell Brands,Consumer Discretionary,newell brands,|,newell brands|,newell brands|,"""","""",",","""newell brands"","
NFX,Newfield Exploration Co,Energy,newfield exploration,|,newfield exploration|,newfield exploration|,"""","""",",","""newfield exploration"","
NEM,Newmont Mining Corporation,Materials,newmont mining,|,newmont mining|,newmont mining|,"""","""",",","""newmont mining"","
NWSA,News Corp. Class A,Consumer Discretionary,news corp,|,news corp|,news corp|,"""","""",",","""news corp"","
NWS,News Corp. Class B,Consumer Discretionary,news corp,|,news corp|,news corp|,"""","""",",","""news corp"","
NEE,NextEra Energy,Utilities,nextera,|,nextera|,nextera|,"""","""",",","""nextera"","
NLSN,Nielsen Holdings,Industrials,nielsen,|,nielsen|,nielsen|,"""","""",",","""nielsen"","
NKE,Nike,Consumer Discretionary,nike,|,nike|,nike|,"""","""",",","""nike"","
NI,NiSource Inc.,Utilities,nisource,|,nisource|,nisource|,"""","""",",","""nisource"","
NBL,Noble Energy Inc,Energy,noble energy,|,noble energy|,noble energy|,"""","""",",","""noble energy"","
JWN,Nordstrom,Consumer Discretionary,nordstrom,|,nordstrom|,nordstrom|,"""","""",",","""nordstrom"","
NSC,Norfolk Southern Corp.,Industrials,norfolk southern,|,norfolk southern|,norfolk southern|,"""","""",",","""norfolk southern"","
NTRS,Northern Trust Corp.,Financials,northern trust,|,northern trust|,northern trust|,"""","""",",","""northern trust"","
NOC,Northrop Grumman Corp.,Industrials,northrop grumman,|,northrop grumman|,northrop grumman|,"""","""",",","""northrop grumman"","
NCLH,Norwegian Cruise Line,Consumer Discretionary,norwegian cruise,|,norwegian cruise|,norwegian cruise|,"""","""",",","""norwegian cruise"","
NRG,NRG Energy,Utilities,nrg,|,nrg|,nrg|,"""","""",",","""nrg"","
NUE,Nucor Corp.,Materials,nucor,|,nucor|,nucor|,"""","""",",","""nucor"","
NVDA,Nvidia Corporation,Information Technology,nvidia,|,nvidia|,nvidia|,"""","""",",","""nvidia"","
ORLY,O'Reilly Automotive,Consumer Discretionary,o'reilly,|,o'reilly|,oreilly|,"""","""",",","""o'reilly"","
OXY,Occidental Petroleum,Energy,occidental petroleum,|,occidental petroleum|,occidental petroleum|,"""","""",",","""occidental petroleum"","
OMC,Omnicom Group,Consumer Discretionary,omnicom group,|,omnicom group|,omnicom group|,"""","""",",","""omnicom group"","
OKE,ONEOK,Energy,oneok,|,oneok|,oneok|,"""","""",",","""oneok"","
ORCL,Oracle Corp.,Information Technology,oracle,|,oracle|,oracle|,"""","""",",","""oracle"","
PCAR,PACCAR Inc.,Industrials,paccar,|,paccar|,paccar|,"""","""",",","""paccar"","
PKG,Packaging Corporation of America,Materials,packaging corporation of america,|,packaging corporation of america|,packaging corporation of america|,"""","""",",","""packaging corporation of america"","
PH,Parker-Hannifin,Industrials,parker hannifin,|,parker hannifin|,parker hannifin|,"""","""",",","""parker hannifin"","
PAYX,Paychex Inc.,Information Technology,paychex,|,paychex|,paychex|,"""","""",",","""paychex"","
PYPL,PayPal,Information Technology,paypal,|,paypal|,paypal|,"""","""",",","""paypal"","
PNR,Pentair Ltd.,Industrials,pentair,|,pentair|,pentair|,"""","""",",","""pentair"","
PBCT,People's United Financial,Financials,people's united,|,people's united|,peoples united|,"""","""",",","""people's united"","
PEP,PepsiCo Inc.,Consumer Staples,pepsico,|,pepsico|,pepsico|,"""","""",",","""pepsico"","
PKI,PerkinElmer,Health Care,perkinelmer,|,perkinelmer|,perkinelmer|,"""","""",",","""perkinelmer"","
PRGO,Perrigo,Health Care,perrigo,|,perrigo|,perrigo|,"""","""",",","""perrigo"","
PFE,Pfizer Inc.,Health Care,pfizer,|,pfizer|,pfizer|,"""","""",",","""pfizer"","
PCG,PG&E Corp.,Utilities,pg&e,|,pg&e|,pg&e|,"""","""",",","""pg&e"","
PM,Philip Morris International,Consumer Staples,phillip morris,|,phillip morris|,phillip morris|,"""","""",",","""phillip morris"","
PSX,Phillips 66,Energy,phillips,|,phillips|,phillips|,"""","""",",","""phillips"","
PNW,Pinnacle West Capital,Utilities,pinnacle west,|,pinnacle west|,pinnacle west|,"""","""",",","""pinnacle west"","
PXD,Pioneer Natural Resources,Energy,pioneer natural,|,pioneer natural|,pioneer natural|,"""","""",",","""pioneer natural"","
PNC,PNC Financial Services,Financials,pnc,|,pnc|,pnc|,"""","""",",","""pnc"","
RL,Polo Ralph Lauren Corp.,Consumer Discretionary,ralph lauren,|,ralph lauren|,ralph lauren|,"""","""",",","""ralph lauren"","
PPG,PPG Industries,Materials,ppg,|,ppg|,ppg|,"""","""",",","""ppg"","
PPL,PPL Corp.,Utilities,ppl,|,ppl|,ppl|,"""","""",",","""ppl"","
PX,Praxair Inc.,Materials,praxair,|,praxair|,praxair|,"""","""",",","""praxair"","
PFG,Principal Financial Group,Financials,principal financial,|,principal financial|,principal financial|,"""","""",",","""principal financial"","
PG,Procter & Gamble,Consumer Staples,p&g,|,p&g|,p&g|,"""","""",",","""p&g"","
PG,Procter & Gamble,Consumer Staples,procter & gamble,|,procter & gamble|,procter & gamble|,"""","""",",","""procter & gamble"","
PGR,Progressive Corp.,Financials,progressive corp,|,progressive corp|,progressive corp|,"""","""",",","""progressive corp"","
PLD,Prologis,Real Estate,prologis,|,prologis|,prologis|,"""","""",",","""prologis"","
PRU,Prudential Financial,Financials,prudential,|,prudential|,prudential|,"""","""",",","""prudential"","
PRU,Prudential Financial,Financials,prudential financial,|,prudential financial|,prudential financial|,"""","""",",","""prudential financial"","
PEG,Public Serv. Enterprise Inc.,Utilities,public serv enterprise,|,public serv enterprise|,public serv enterprise|,"""","""",",","""public serv enterprise"","
PSA,Public Storage,Real Estate,public storage,|,public storage|,public storage|,"""","""",",","""public storage"","
PHM,Pulte Homes Inc.,Consumer Discretionary,pulte homes,|,pulte homes|,pulte homes|,"""","""",",","""pulte homes"","
PVH,PVH Corp.,Consumer Discretionary,pvh,|,pvh|,pvh|,"""","""",",","""pvh"","
QRVO,Qorvo,Information Technology,qorvo,|,qorvo|,qorvo|,"""","""",",","""qorvo"","
QCOM,QUALCOMM Inc.,Information Technology,qualcomm,|,qualcomm|,qualcomm|,"""","""",",","""qualcomm"","
PWR,Quanta Services Inc.,Industrials,quanta services,|,quanta services|,quanta services|,"""","""",",","""quanta services"","
DGX,Quest Diagnostics,Health Care,quest diagnostics,|,quest diagnostics|,quest diagnostics|,"""","""",",","""quest diagnostics"","
RRC,Range Resources Corp.,Energy,range resources,|,range resources|,range resources|,"""","""",",","""range resources"","
RJF,Raymond James Financial Inc.,Financials,raymond james,|,raymond james|,raymond james|,"""","""",",","""raymond james"","
RTN,Raytheon Co.,Industrials,raytheon,|,raytheon|,raytheon|,"""","""",",","""raytheon"","
O,Realty Income Corporation,Real Estate,realty income,|,realty income|,realty income|,"""","""",",","""realty income"","
RHT,Red Hat Inc.,Information Technology,red hat,|,red hat|,red hat|,"""","""",",","""red hat"","
REG,Regency Centers Corporation,Real Estate,regency centers,|,regency centers|,regency centers|,"""","""",",","""regency centers"","
REGN,Regeneron,Health Care,regeneron,|,regeneron|,regeneron|,"""","""",",","""regeneron"","
RF,Regions Financial Corp.,Financials,regions financial,|,regions financial|,regions financial|,"""","""",",","""regions financial"","
RSG,Republic Services Inc,Industrials,republic services,|,republic services|,republic services|,"""","""",",","""republic services"","
RMD,ResMed,Health Care,resmed,|,resmed|,resmed|,"""","""",",","""resmed"","
RHI,Robert Half International,Industrials,robert half,|,robert half|,robert half|,"""","""",",","""robert half"","
ROK,Rockwell Automation Inc.,Industrials,rockwell automation,|,rockwell automation|,rockwell automation|,"""","""",",","""rockwell automation"","
COL,Rockwell Collins,Industrials,rockwell collins,|,rockwell collins|,rockwell collins|,"""","""",",","""rockwell collins"","
ROP,Roper Technologies,Industrials,roper technologies,|,roper technologies|,roper technologies|,"""","""",",","""roper technologies"","
ROST,Ross Stores,Consumer Discretionary,ross stores,|,ross stores|,ross stores|,"""","""",",","""ross stores"","
RCL,Royal Caribbean Cruises Ltd,Consumer Discretionary,royal caribbean,|,royal caribbean|,royal caribbean|,"""","""",",","""royal caribbean"","
SPGI,"S&P Global, Inc.",Financials,s&p global,|,s&p global|,s&p global|,"""","""",",","""s&p global"","
CRM,Salesforce.com,Information Technology,salesforce.com,|,salesforce.com|,salesforce.com|,"""","""",",","""salesforce.com"","
SBAC,SBA Communications,Real Estate,sba,|,sba|,sba|,"""","""",",","""sba"","
SCG,SCANA Corp,Utilities,scana,|,scana|,scana|,"""","""",",","""scana"","
SLB,Schlumberger Ltd.,Energy,schlumberger,|,schlumberger|,schlumberger|,"""","""",",","""schlumberger"","
STX,Seagate Technology,Information Technology,seagate technology,|,seagate technology|,seagate technology|,"""","""",",","""seagate technology"","
SEE,Sealed Air,Materials,sealed air,|,sealed air|,sealed air|,"""","""",",","""sealed air"","
SRE,Sempra Energy,Utilities,sempra energy,|,sempra energy|,sempra energy|,"""","""",",","""sempra energy"","
SHW,Sherwin-Williams,Materials,sherwin williams,|,sherwin williams|,sherwin williams|,"""","""",",","""sherwin williams"","
SPG,Simon Property Group Inc,Real Estate,simon property,|,simon property|,simon property|,"""","""",",","""simon property"","
SWKS,Skyworks Solutions,Information Technology,skyworks solutions,|,skyworks solutions|,skyworks solutions|,"""","""",",","""skyworks solutions"","
SLG,SL Green Realty,Real Estate,slg,|,slg|,slg|,"""","""",",","""slg"","
SNA,Snap-On Inc.,Consumer Discretionary,snap on,|,snap on|,snap on|,"""","""",",","""snap on"","
SO,Southern Co.,Utilities,southern co,|,southern co|,southern co|,"""","""",",","""southern co"","
LUV,Southwest Airlines,Industrials,southwest airlines,|,southwest airlines|,southwest airlines|,"""","""",",","""southwest airlines"","
SWK,Stanley Black & Decker,Consumer Discretionary,black & decker,|,black & decker|,black & decker|,"""","""",",","""black & decker"","
SBUX,Starbucks Corp.,Consumer Discretionary,starbucks,|,starbucks|,starbucks|,"""","""",",","""starbucks"","
STT,State Street Corp.,Financials,state street,|,state street|,state street|,"""","""",",","""state street"","
SRCL,Stericycle Inc,Industrials,stericycle,|,stericycle|,stericycle|,"""","""",",","""stericycle"","
SYK,Stryker Corp.,Health Care,stryker,|,stryker|,stryker|,"""","""",",","""stryker"","
STI,SunTrust Banks,Financials,suntrust,|,suntrust|,suntrust|,"""","""",",","""suntrust"","
SIVB,SVB Financial,Financials,svb,|,svb|,svb|,"""","""",",","""svb"","
SYMC,Symantec Corp.,Information Technology,symantec,|,symantec|,symantec|,"""","""",",","""symantec"","
SYF,Synchrony Financial,Financials,synchrony financial,|,synchrony financial|,synchrony financial|,"""","""",",","""synchrony financial"","
SNPS,Synopsys Inc.,Information Technology,synopsys,|,synopsys|,synopsys|,"""","""",",","""synopsys"","
SYY,Sysco Corp.,Consumer Staples,sysco,|,sysco|,sysco|,"""","""",",","""sysco"","
TROW,T. Rowe Price Group,Financials,rowe price,|,rowe price|,rowe price|,"""","""",",","""rowe price"","
TTWO,Take-Two Interactive,Information Technology,take-two,|,take-two|,take-two|,"""","""",",","""take-two"","
TPR,"Tapestry, Inc.",Consumer Discretionary,tapestry,|,tapestry|,tapestry|,"""","""",",","""tapestry"","
TGT,Target Corp.,Consumer Discretionary,target corp,|,target corp|,target corp|,"""","""",",","""target corp"","
TEL,TE Connectivity Ltd.,Information Technology,te connectivty,|,te connectivty|,te connectivty|,"""","""",",","""te connectivty"","
FTI,TechnipFMC,Energy,technipfmc,|,technipfmc|,technipfmc|,"""","""",",","""technipfmc"","
TXN,Texas Instruments,Information Technology,texas instruments,|,texas instruments|,texas instruments|,"""","""",",","""texas instruments"","
TXT,Textron Inc.,Industrials,textron,|,textron|,textron|,"""","""",",","""textron"","
BK,The Bank of New York Mellon Corp.,Financials,new york mellon,|,new york mellon|,new york mellon|,"""","""",",","""new york mellon"","
CLX,The Clorox Company,Consumer Staples,clorox,|,clorox|,clorox|,"""","""",",","""clorox"","
COO,The Cooper Companies,Health Care,cooper companies,|,cooper companies|,cooper companies|,"""","""",",","""cooper companies"","
HSY,The Hershey Company,Consumer Staples,hershey,|,hershey|,hershey|,"""","""",",","""hershey"","
MOS,The Mosaic Company,Materials,mosaic company,|,mosaic company|,mosaic company|,"""","""",",","""mosaic company"","
TRV,The Travelers Companies Inc.,Financials,travelers company,|,travelers company|,travelers company|,"""","""",",","""travelers company"","
DIS,The Walt Disney Company,Consumer Discretionary,disney,|,disney|,disney|,"""","""",",","""disney"","
TMO,Thermo Fisher Scientific,Health Care,thermo fisher,|,thermo fisher|,thermo fisher|,"""","""",",","""thermo fisher"","
TIF,Tiffany & Co.,Consumer Discretionary,tiffany & co,|,tiffany & co|,tiffany & co|,"""","""",",","""tiffany & co"","
TWX,Time Warner Inc.,Consumer Discretionary,time warner,|,time warner|,time warner|,"""","""",",","""time warner"","
TJX,TJX Companies Inc.,Consumer Discretionary,tjx,|,tjx|,tjx|,"""","""",",","""tjx"","
TMK,Torchmark Corp.,Financials,torchmark,|,torchmark|,torchmark|,"""","""",",","""torchmark"","
TSS,Total System Services,Information Technology,tss,|,tss|,tss|,"""","""",",","""tss"","
TSCO,Tractor Supply Company,Consumer Discretionary,tractor supply,|,tractor supply|,tractor supply|,"""","""",",","""tractor supply"","
TDG,TransDigm Group,Industrials,trans digm,|,trans digm|,trans digm|,"""","""",",","""trans digm"","
TRIP,TripAdvisor,Consumer Discretionary,trip advisor,|,trip advisor|,trip advisor|,"""","""",",","""trip advisor"","
FOXA,Twenty-First Century Fox Class A,Consumer Discretionary,century fox,|,century fox|,century fox|,"""","""",",","""century fox"","
FOX,Twenty-First Century Fox Class B,Consumer Discretionary,century fox,|,century fox|,century fox|,"""","""",",","""century fox"","
TSN,Tyson Foods,Consumer Staples,tyson foods,|,tyson foods|,tyson foods|,"""","""",",","""tyson foods"","
USB,U.S. Bancorp,Financials,u.s. bancorp,|,u.s. bancorp|,u.s. bancorp|,"""","""",",","""u.s. bancorp"","
UDR,UDR Inc,Real Estate,udr,|,udr|,udr|,"""","""",",","""udr"","
ULTA,Ulta Beauty,Consumer Discretionary,ulta beauty,|,ulta beauty|,ulta beauty|,"""","""",",","""ulta beauty"","
UAA,Under Armour Class A,Consumer Discretionary,under armour,|,under armour|,under armour|,"""","""",",","""under armour"","
UA,Under Armour Class C,Consumer Discretionary,under armour,|,under armour|,under armour|,"""","""",",","""under armour"","
UNP,Union Pacific,Industrials,union pacific,|,union pacific|,union pacific|,"""","""",",","""union pacific"","
UAL,United Continental Holdings,Industrials,united continental,|,united continental|,united continental|,"""","""",",","""united continental"","
UNH,United Health Group Inc.,Health Care,united health,|,united health|,united health|,"""","""",",","""united health"","
UPS,United Parcel Service,Industrials,ups,|,ups|,ups|,"""","""",",","""ups"","
URI,"United Rentals, Inc.",Industrials,united rentals,|,united rentals|,united rentals|,"""","""",",","""united rentals"","
UTX,United Technologies,Industrials,united technologies,|,united technologies|,united technologies|,"""","""",",","""united technologies"","
UHS,"Universal Health Services, Inc.",Health Care,uhs,|,uhs|,uhs|,"""","""",",","""uhs"","
UNM,Unum Group,Financials,unum group,|,unum group|,unum group|,"""","""",",","""unum group"","
VFC,V.F. Corp.,Consumer Discretionary,v.f. corp,|,v.f. corp|,v.f. corp|,"""","""",",","""v.f. corp"","
VLO,Valero Energy,Energy,valero,|,valero|,valero|,"""","""",",","""valero"","
VAR,Varian Medical Systems,Health Care,varian medical,|,varian medical|,varian medical|,"""","""",",","""varian medical"","
VTR,Ventas Inc,Real Estate,ventas,|,ventas|,ventas|,"""","""",",","""ventas"","
VRSN,Verisign Inc.,Information Technology,verisign,|,verisign|,verisign|,"""","""",",","""verisign"","
VRSK,Verisk Analytics,Industrials,verisk analytics,|,verisk analytics|,verisk analytics|,"""","""",",","""verisk analytics"","
VZ,Verizon Communications,Telecommunication Services,verizon,|,verizon|,verizon|,"""","""",",","""verizon"","
VRTX,Vertex Pharmaceuticals Inc,Health Care,vertex,|,vertex|,vertex|,"""","""",",","""vertex"","
VIAB,Viacom Inc.,Consumer Discretionary,viacom,|,viacom|,viacom|,"""","""",",","""viacom"","
V,Visa Inc.,Information Technology,visa,|,visa|,visa|,"""","""",",","""visa"","
VNO,Vornado Realty Trust,Real Estate,vornado,|,vornado|,vornado|,"""","""",",","""vornado"","
VMC,Vulcan Materials,Materials,vulcan materials,|,vulcan materials|,vulcan materials|,"""","""",",","""vulcan materials"","
WMT,Wal-Mart Stores,Consumer Staples,walmart,|,walmart|,walmart|,"""","""",",","""walmart"","
WBA,Walgreens Boots Alliance,Consumer Staples,walgreens,|,walgreens|,walgreens|,"""","""",",","""walgreens"","
WM,Waste Management Inc.,Industrials,waste management,|,waste management|,waste management|,"""","""",",","""waste management"","
WAT,Waters Corporation,Health Care,waters corporation,|,waters corporation|,waters corporation|,"""","""",",","""waters corporation"","
WEC,Wec Energy Group Inc,Utilities,wec,|,wec|,wec|,"""","""",",","""wec"","
WFC,Wells Fargo,Financials,wells fargo,|,wells fargo|,wells fargo|,"""","""",",","""wells fargo"","
WELL,Welltower Inc.,Real Estate,welltower,|,welltower|,welltower|,"""","""",",","""welltower"","
WDC,Western Digital,Information Technology,western digital,|,western digital|,western digital|,"""","""",",","""western digital"","
WU,Western Union Co,Information Technology,western union,|,western union|,western union|,"""","""",",","""western union"","
WRK,WestRock Company,Materials,west rock,|,west rock|,west rock|,"""","""",",","""west rock"","
WY,Weyerhaeuser Corp.,Real Estate,weyerhaeuser,|,weyerhaeuser|,weyerhaeuser|,"""","""",",","""weyerhaeuser"","
WHR,Whirlpool Corp.,Consumer Discretionary,whirlpool,|,whirlpool|,whirlpool|,"""","""",",","""whirlpool"","
WMB,Williams Cos.,Energy,williams cos,|,williams cos|,williams cos|,"""","""",",","""williams cos"","
WLTW,Willis Towers Watson,Financials,willis towers,|,willis towers|,willis towers|,"""","""",",","""willis towers"","
WYN,Wyndham Worldwide,Consumer Discretionary,wyndham,|,wyndham|,wyndham|,"""","""",",","""wyndham"","
WYNN,Wynn Resorts Ltd,Consumer Discretionary,wynn resorts,|,wynn resorts|,wynn resorts|,"""","""",",","""wynn resorts"","
XEL,Xcel Energy Inc,Utilities,xcel energy,|,xcel energy|,xcel energy|,"""","""",",","""xcel energy"","
XRX,Xerox Corp.,Information Technology,xerox,|,xerox|,xerox|,"""","""",",","""xerox"","
XLNX,Xilinx Inc,Information Technology,xilinx,|,xilinx|,xilinx|,"""","""",",","""xilinx"","
XL,XL Capital,Financials,xl capital,|,xl capital|,xl capital|,"""","""",",","""xl capital"","
XYL,Xylem Inc.,Industrials,xylem,|,xylem|,xylem|,"""","""",",","""xylem"","
YUM,Yum! Brands Inc,Consumer Discretionary,yum brands,|,yum brands|,yum brands|,"""","""",",","""yum brands"","
ZBH,Zimmer Biomet Holdings,Health Care,zimmer biomet,|,zimmer biomet|,zimmer biomet|,"""","""",",","""zimmer biomet"","
ZION,Zions Bancorp,Financials,zions bancorp,|,zions bancorp|,zions bancorp|,"""","""",",","""zions bancorp"","
ZTS,Zoetis,Health Care,zoetis,,zoetis,zoetis,"""","""",,"""zoetis"""
